[  
   {  
      "dir":"/",
      "scheduleDate":"",
      "server":"10.211.101.9",
      "port":"4444",
      "workspace":"Batch-15",
      "executionspace":{  
         "name":"fhjjf",
         "testCases":[  
            "MNU_0008_MIS_VerifyError2.java"
         ],
         "testCaseData":[  
            {  
               "name":"MNU_0008_MIS_VerifyError2",
               "_rowIds":[  
                  "MNU_0008_US"
               ]
            }
         ],
         "repository":"uiMapMasterv2_13_Priyanka.xls",
         "testData":"Batch_19_TestData.xlsx",
         "combinations":{  
            "MNU_0008_MIS_VerifyError2":{  
               "WINDOWS":{  
                  "browsers":[  
                     "IE"
                  ]
               }
            }
         }
      }
   }
]